ID,Canomicalsmiles
T1,CCc1cc2c(=O)c3c4ccc(C#N)cc4[nH]c3n(C(C)C)c2cc1N1CCC(N2CCN(C)CC2)CC1
T2,CCc1cc2c(=O)c3c4ccc(C#N)cc4[nH]c3n(C(C)C)c2cc1N1CCN(C(C)C)CC1
T3,CCCc1cc2c(=O)c3c4ccc(C#N)cc4[nH]c3n(C(C)C)c2cc1N1CCN(C)CC1
T4,CCc1cc2c(=O)c3c4ccc(C#N)cc4[nH]c3n(C(C)C)c2cc1C1CCNCC1
T5,C#Cc1cc2c(=O)c3c4ccc(C#N)cc4[nH]c3n(C(C)C)c2cc1N1CCN(C)CC1
T6,CCc1cc2c(=O)c3c4ccc(C#N)cc4[nH]c3n(C(C)C)c2cc1C1CCN(CCO)CC1
T7,COc1cc2c(=O)c3c4ccc(C#N)cc4[nH]c3n(C(C)C)c2c(F)c1C1CCN(C)CC1
T8,COc1cc(N2CCN(C)CC2)c2cc1Nc1ncc(Cl)c(n1)Nc1cc(ccc1N(C)S(C)(=O)=O)CC2
T9,CCc1cc2c(=O)c3c4ccc(C#N)cc4[nH]c3n(C(C)C)c2cc1C1CCN(C)CC1
T10,COc1cc2c(=O)c3c4ccc(C#N)cc4[nH]c3n(C(C)C)c2c(F)c1C1CCN(CCO)CC1
T11,C#Cc1cc2c(=O)c3c4ccc(C#N)cc4[nH]c3n(C3CCC3)c2cc1N1CCN(C)CC1
T12,CCc1cc2c(=O)c3c4ccc(C#N)cc4[nH]c3n(C(C)C)c2cc1N1CCC(N2CCOCC2)CC1
T13,CCc1cc2c(=O)c3c4ccc(C#N)cc4[nH]c3n(C(C)C)c2cc1C1CCN(C(C)C)CC1
T14,CCc1cc2c(=O)c3c4ccc(C#N)cc4[nH]c3n(C(C)C)c2cc1C1CCN(C2CCOCC2)CC1
T15,CCCOc1cc2c(=O)c3c4ccc(C#N)cc4[nH]c3n(C(C)C)c2cc1N1CCN(C)CC1
T16,CCS(=O)(=O)c1ccccc1Nc1nc(Nc2ccc(N3CCC(N4CCOCC4)CC3)cc2OC)ncc1Cl
T18,CNC(=O)c1ccccc1Nc1nc(Nc2ccc(N3CCC(N4CCN(C)CC4)CC3)cc2OC)ncc1Cl
T19,COc1cc(N2CCC(NC(C)=O)C2)ccc1Nc1ncc(Cl)c(Nc2ccccc2S(=O)(=O)NC2CCC2)n1
T22,CCC(C)NS(=O)(=O)c1ccccc1Nc1nc(Nc2ccc(OCCN3CCOCC3)cc2OC)ncc1Cl
T23,CNS(=O)(=O)c1ccccc1Nc1nc(Nc2ccc(N3CCC(N4CCCCC4)CC3)cc2OC)ncc1Cl
T24,COc1cc(N2CCCC(C(N)=O)C2)ccc1Nc1ncc(Cl)c(Nc2ccccc2S(=O)(=O)NC(C)C)n1
T26,CNC(=O)c1cc(N2CCCC2)ccc1Nc1nc(Nc2ccc(N3CCOCC3)cc2OC)ncc1Cl
T27,CCCS(=O)(=O)c1ccccc1Nc1nc(Nc2ccc(N3CCN(C(=O)CC)CC3)cc2OC)ncc1Cl
T28,COc1cc(N2CCN3CCOC[C@H]3C2)ccc1Nc1ncc(Cl)c(Nc2ccccc2S(=O)(=O)NC(C)C)n1
T33,CCCS(=O)(=O)c1ccccc1Nc1nc(Nc2ccc(C(=O)N3CCN(C(C)=O)CC3)cc2OC)ncc1Cl
T34,CCC(CC)NS(=O)(=O)c1ccccc1Nc1nc(Nc2ccc(OCCN3CCOCC3)cc2OC)ncc1Cl
T37,CNS(=O)(=O)c1ccccc1Nc1nc(Nc2cccc3c2ccn3CCCN2CCOCC2)ncc1Cl
T38,CCCS(=O)(=O)c1ccccc1Nc1nc(Nc2ccc(N3CCC[C@@H](C(N)=O)C3)cc2OC)ncc1Cl
T39,COc1cc(OC2CCN(C)CC2)ccc1Nc1ncc(Cl)c(Nc2ccccc2S(=O)(=O)NC2CCC2)n1
T41,CCCS(=O)(=O)c1ccccc1Nc1nc(Nc2ccc(NCCN3CCOCC3)cc2OC)ncc1Cl
T42,CNS(=O)(=O)c1ccccc1Nc1nc(Nc2cc(OCCCN3CCOCC3)ccc2OC)ncc1Br
T44,CNS(=O)(=O)c1ccccc1Nc1nc(Nc2ccc(N3CCC(C(N)=O)CC3)cc2OC)ncc1Br
T45,CCCS(=O)(=O)c1cc(N2CCN(C)CC2)ccc1Nc1nc(Nc2ccc(F)cc2OC)ncc1Cl
T46,CCCS(=O)(=O)c1ccccc1Nc1nc(Nc2ccc(N3CCCC(C(N)=O)C3)cc2OC)ncc1Cl
T47,COc1cc(N2CCN(C(C)=O)CC2)ccc1Nc1ncc(Cl)c(Nc2ccccc2S(=O)(=O)C2CC2)n1
T48,CNC(=O)c1cc(F)ccc1Nc1nc(Nc2ccc(N3CCN(C(C)=O)CC3)cc2OC)ncc1Cl
T49,COc1c(Nc2ncc(Cl)c(Nc3ccccc3S(=O)(=O)NC(C)C)n2)ccc(OC2CCN(C)CC2)c1F
T50,CCS(=O)(=O)c1ccccc1Nc1nc(Nc2ccc(N3CCC[C@@H](C(N)=O)C3)cc2OC)ncc1Cl
T51,CNS(=O)(=O)c1ccccc1Nc1nc(Nc2ccc(OCCCN3CCOCC3)cc2OC)ncc1Br
T52,CCCS(=O)(=O)c1ccccc1Nc1nc(Nc2ccc(N3CCC(C(=O)NC)CC3)cc2OC)ncc1Cl
T53,CNS(=O)(=O)c1ccccc1Nc1nc(Nc2ccc(OCCCN3CCN(C)CC3)cc2OC)ncc1Br
T54,CNS(=O)(=O)c1ccccc1Nc1nc(Nc2cccc3c2ccn3CCCN2CCOCC2)ncc1Br
T57,COc1cc(OCCN2CCN(C)CC2)ccc1Nc1ncc(Cl)c(Nc2ccccc2S(=O)(=O)NC(C)C)n1
T58,CCCS(=O)(=O)c1ccccc1Nc1nc(Nc2cc(N3CCCC(C(N)=O)C3)ccc2OC)ncc1Cl
T60,COc1cc(N2CCCC(C(N)=O)C2)ccc1Nc1ncc(Cl)c(Nc2ccccc2S(=O)(=O)C2CC2)n1
T61,COc1cc(N2CCC[C@@H](C(N)=O)C2)ccc1Nc1ncc(Cl)c(Nc2ccccc2S(=O)(=O)C2CC2)n1
T63,CCCS(=O)(=O)c1ccccc1Nc1nc(Nc2ccc(N3CCC[C@H](C(N)=O)C3)cc2OC)ncc1Cl
T64,CNS(=O)(=O)c1ccccc1Nc1nc(Nc2cccc3c2ccn3CCCN2CCN(C)CC2)ncc1Cl
T65,CNS(=O)(=O)c1ccccc1Nc1nc(Nc2cc(N3CCC(N4CCCCC4)CC3)ccc2OC)ncc1Cl
T67,CCC(CC)NS(=O)(=O)c1ccccc1Nc1nc(Nc2ccc(OCCN3CCN(C)CC3)cc2OC)ncc1Cl
T68,CNC(=O)c1cc(N2CCCC2)ccc1Nc1nc(Nc2ccc(N3CCN(C)CC3)cc2OC)ncc1Cl
T69,COc1ccc(Nc2ncc(Cl)c(Nc3ccc(N4CCN5CCOC[C@H]5C4)c4c3C(=O)N(C)C4)n2)c(OC)c1
T70,COc1ccccc1Nc1ncc(Cl)c(Nc2ccc(N3CCC(N4CCN(C)CC4)CC3)c3c2C(=O)N(C)CC3)n1
T71,COc1cc(N2CCOCC2)ccc1Nc1ncc(Cl)c(Nc2ccc(N3CCNCC3)c3c2C(=O)N(C)CC3)n1
T73,COc1cc(N2CCN3CCOC[C@H]3C2)ccc1Nc1ncc(Cl)c(Nc2cccc3c2C(=O)N(C)C3)n1
T74,COc1ccc(Nc2ncc3ccn(-c4cccc(Cl)c4)c3n2)c(C)c1
T75,Cc1ccc(-c2ccncc2)cc1Nc1ncc2ccn(-c3ccccn3)c2n1
T76,CNC1CCN(c2ccc(Nc3ncc(Cl)c(Nc4ccccc4S(=O)(=O)C(C)C)n3)c(OC)c2)C1
T77,CCCN(CCO)c1ccc(Nc2ncc(Br)c(Nc3ccccc3S(=O)(=O)NC)n2)c(C)c1
T78,COc1cc(N2CCOCC2)ccc1Nc1ncc(Cl)c(Nc2ccccc2C(=O)NC(C)C)n1
T79,CNC(=O)c1ccccc1Nc1nc(Nc2ccc(OC3CCN(C)CC3)cc2OC)ncc1Cl
T80,CCCS(=O)(=O)c1ccccc1Nc1nc(Nc2ccc(N3CCOCC3)cc2OC)ncc1Cl
T81,CNS(=O)(=O)c1ccccc1Nc1nc(Nc2ccc(OC3CCN(C)CC3)cc2OC)ncc1Cl
T82,CCN1CCC(Oc2ccc(Nc3ncc(Cl)c(Nc4ccccc4S(=O)(=O)NC)n3)c(OC)c2)C1
T83,CNC1CCN(c2ccc(OC)c(Nc3ncc(Cl)c(Nc4ccccc4S(=O)(=O)NC)n3)c2)C1
T84,CCCS(=O)(=O)c1ccccc1Nc1nc(Nc2ccc(N3CCC(O)C3)cc2OC)ncc1Cl
T85,COc1cc(NC(C)(C)CO)ccc1Nc1ncc(Cl)c(Nc2ccccc2S(=O)(=O)NC(C)C)n1
T86,CNS(=O)(=O)c1ccccc1Nc1nc(Nc2ccc(N3CCNCC3)cc2OC)ncc1Br
T87,COc1ccc(N2CCOCC2)cc1Nc1ncc(Cl)c(Nc2ccccc2S(=O)(=O)C(C)C)n1
T88,CNC(=O)c1ccccc1Nc1nc(Nc2cc(N3CCOCC3)ccc2OC)ncc1Br
T89,CNC(=O)c1ccccc1Nc1nc(Nc2ccc(N3CCC(N(C)C)C3)cc2OC)ncc1Cl
T90,CNS(=O)(=O)c1ccccc1Nc1nc(Nc2cc(N3CCOCC3)ccc2C)ncc1Br
T91,CCS(=O)(=O)c1ccccc1Nc1nc(Nc2ccc(N3CCOCC3)cc2OC)ncc1Cl
T92,CNC(=O)c1ccccc1Nc1nc(Nc2ccc(N3CCC(NC)C3)cc2OC)ncc1Cl
T93,CNS(=O)(=O)c1ccccc1Nc1nc(Nc2ccc(N3CCSCC3)cc2OC)ncc1Br
T95,COc1ccc(Nc2nc(Cl)ncc2Cl)c2c1CCN(C)C2=O
T96,CNC(=O)c1cc(N2CCOCC2)ccc1Nc1nc(Nc2ccc(N3CCN(C(C)=O)CC3)cc2OC)ncc1Cl
T98,CCCS(=O)(=O)c1ccccc1Nc1nc(Nc2cc(OCCN3CCN(C(C)=O)CC3)ccc2OC)ncc1Cl
T101,CNC(=O)c1ccccc1Nc1nc(Nc2cc(N3CCC(N4CCN(C)CC4)CC3)ccc2OC)ncc1Cl
T103,COc1cc(OCCN2CCOCC2)ccc1Nc1ncc(Cl)c(Nc2ccccc2S(=O)(=O)NC(C)C)n1
T104,CCS(=O)(=O)c1ccccc1Nc1nc(Nc2ccc(N3CCC(N4CCN(C)CC4)CC3)cc2OC)ncc1Cl
T105,CNS(=O)(=O)c1ccccc1Nc1nc(Nc2cc(N3CCC(N4CCN(C)CC4)CC3)ccc2OC)ncc1Cl
T108,CCCS(=O)(=O)c1ccccc1Nc1nc(Nc2ccc(N3CCN(CC(=O)NC(C)C)CC3)cc2OC)ncc1Cl
T109,CNC(=O)c1cc(N2CCN(C)CC2)ccc1Nc1nc(Nc2ccc(N3CCOCC3)cc2OC)ncc1Cl
T115,COc1cc(N2CCC(N3CCN(C)CC3)CC2)ccc1Nc1ncc(Cl)c(Nc2cccc3c2C(=O)N(C)C3)n1
T118,COc1cc(N2CCC(N3CCN(C)CC3)CC2)ccc1Nc1ncc(Cl)c(Nc2ccccc2S(=O)(=O)C2CC2)n1
T120,COc1cc(N2CCC(N3CCN(C)CC3)CC2)ccc1Nc1ncc(Cl)c(Nc2ccccc2S(=O)(=O)NC(C)C)n1
T122,CNC(=O)c1ccccc1Nc1nc(Nc2ccc(N3CCC[C@H](C(N)=O)C3)cc2OC)ncc1Cl
T123,COc1cc(N2CCOCC2)ccc1Nc1ncc(Cl)c(Nc2ccccc2S(=O)(=O)N2CCOCC2)n1
T124,CNS(=O)(=O)c1ccccc1Nc1nc(Nc2cc(N3CCCCC3)ccc2C)ncc1Br
T125,CCCS(=O)(=O)c1ccccc1Nc1nc(Nc2cc(N3CCN(C)CC3)ccc2OC)ncc1Cl
T126,CCCS(=O)(=O)c1ccccc1Nc1nc(Nc2cc(N3CCC(N(C)C)C3)ccc2OC)ncc1Cl
T127,CCNC(=O)c1ccccc1Nc1nc(Nc2ccc(N3CCN(C)CC3)cc2OC)ncc1Cl
T129,CNS(=O)(=O)c1ccccc1Nc1nc(Nc2cc(OC3CCN(C)CC3)ccc2OC)ncc1Br
T130,CNS(=O)(=O)c1ccccc1Nc1nc(Nc2cc(OC)c(N3CCOCC3)cc2OC)ncc1Cl
T131,CCCS(=O)(=O)c1ccccc1Nc1nc(Nc2ccc(N3CCC(N(C)C)C3)cc2OC)ncc1Cl
T134,CNS(=O)(=O)c1ccccc1Nc1nc(Nc2ccc(OC3CCNCC3)cc2OC)ncc1Br
T135,COc1cc(NCC(C)(C)CO)ccc1Nc1ncc(Cl)c(Nc2ccccc2S(=O)(=O)NC(C)C)n1
T136,CNS(=O)(=O)c1ccccc1Nc1nc(Nc2cc(C(=O)N3CCOCC3)ccc2C)ncc1Br
T138,CNC1CCN(c2ccc(Nc3ncc(Cl)c(Nc4ccccc4S(=O)(=O)NC(C)C)n3)c(OC)c2)C1
T139,CNC(=O)c1c(C)cccc1Nc1nc(Nc2ccc(OC3CCN(C)CC3)cc2OC)ncc1Cl
T140,CCNC(=O)c1ccccc1Nc1nc(Nc2ccc(OC3CCN(C)CC3)cc2OC)ncc1Cl
T142,CNS(=O)(=O)c1ccccc1Nc1nc(Nc2cc(OCCN3CCOCC3)ccc2OC)ncc1Cl
T143,CCCS(=O)(=O)c1ccccc1Nc1nc(Nc2ccc(N3CCNC(=O)C3)cc2OC)ncc1Cl
T144,CNC(=O)c1ccccc1Nc1nc(Nc2cc(N3CCN(C(C)=O)CC3)ccc2OC)ncc1Cl
T145,CNC(=O)c1ccccc1Nc1nc(Nc2ccc(N3CCN(C(C)=O)CC3)cc2OC)ncc1Cl
T146,CNS(=O)(=O)c1ccccc1Nc1nc(Nc2ccc(OCC3CCN(C)CC3)cc2OC)ncc1Cl
T147,CNS(=O)(=O)c1ccccc1Nc1nc(Nc2ccc(N3CCN(C(C)=O)CC3)cc2OC)ncc1Cl
T148,CCCS(=O)(=O)c1ccccc1Nc1nc(Nc2cc(N3CCC(O)CC3)ccc2OC)ncc1Cl
T149,CNS(=O)(=O)c1ccccc1Nc1nc(Nc2ccc(N3CCC(C#N)CC3)cc2OC)ncc1Br
T150,CNC(=O)c1cc(N2CCN(C)CC2)ccc1Nc1nc(Nc2ccc(F)cc2OC)ncc1Cl
T151,CNS(=O)(=O)c1ccccc1Nc1nc(Nc2ccc(N3CCC(NC(C)=O)C3)cc2OC)ncc1Cl
T152,COc1cc(OC2CCN(C)CC2)ccc1Nc1ncc(Cl)c(Nc2ccccc2S(=O)(=O)NC(C)C)n1
T153,COc1cc(N2CCC(O)CC2)ccc1Nc1ncc(Cl)c(Nc2cccc3c2C(=O)N(C)C3)n1
T154,CNS(=O)(=O)c1ccccc1Nc1nc(Nc2ccc(N3CCS(=O)(=O)CC3)cc2OC)ncc1Br
T155,CCN1CCN(c2ccc(Nc3ncc(Cl)c(Nc4ccccc4S(=O)(=O)C(C)C)n3)c(OC)c2)CC1
T156,CNS(=O)(=O)c1ccccc1Nc1nc(Nc2cc(N3CCC(O)CC3)ccc2OC)ncc1Cl
T158,CNC(=O)c1cc(N2CCOCC2)ccc1Nc1nc(Nc2ccc(F)cc2OC)ncc1Cl
T159,CNC(=O)c1ccccc1Nc1nc(Nc2ccc(N3CCC(O)CC3)cc2OC)ncc1Cl
T160,CCCS(=O)(=O)c1ccccc1Nc1nc(Nc2cc(N3CCOCC3)ccc2OC)ncc1Cl
T161,COc1cc(OC2CCN(C)C2)ccc1Nc1ncc(Cl)c(Nc2ccccc2S(=O)(=O)NC(C)C)n1
T162,CCNC(=O)c1ccccc1Nc1nc(Nc2ccc(N3CCOCC3)cc2OC)ncc1Cl
T163,CC(C)NS(=O)(=O)c1ccccc1Nc1nc(Nc2ccc(N3CCOCC3)cc2F)ncc1Cl
T165,COc1cc(N2CCC(N(C)C)C2)ccc1Nc1ncc(Cl)c(Nc2ccccc2S(=O)(=O)C(C)C)n1
T166,CNC(=O)c1ccccc1Nc1nc(Nc2cc(N3CCC(NC)C3)ccc2OC)ncc1Cl
T167,CNC1CCN(c2ccc(Nc3ncc(Cl)c(Nc4ccccc4S(=O)(=O)NC)n3)c(OC)c2)C1
T170,COc1cc(N2CCC(O)CC2)ccc1Nc1ncc(Cl)c(Nc2ccccc2S(=O)(=O)C(C)C)n1
T171,CNC(=O)c1ccccc1Nc1nc(Nc2cc(N3CCN(C)CC3)ccc2OC)ncc1Cl
T172,COc1cc(N2CCOCC2)ccc1Nc1ncc(Cl)c(Nc2ccccc2S(=O)(=O)CC(C)C)n1
T173,COc1cc(N2CCOCC2)ccc1Nc1ncc(Cl)c(Nc2ccccc2S(=O)(=O)NC(C)C)n1
T174,CNS(=O)(=O)c1ccccc1Nc1nc(Nc2cc(N3CCN(C)CC3)ccc2OC)ncc1Br
T175,COc1cc(N2CCOCC2)ccc1Nc1ncc(Cl)c(Nc2cccc3c2C(=O)CC3)n1
T176,CCCS(=O)(=O)c1ccccc1Nc1nc(Nc2ccc(N3CCC(NC)C3)cc2OC)ncc1Cl
T177,CNS(=O)(=O)c1ccccc1Nc1nc(Nc2ccc(OC3CCN(C)CC3)cc2OC)ncc1Br
T178,CNC(=O)c1ccccc1Nc1nc(Nc2ccc(OCC3CCN(C)CC3)cc2OC)ncc1Cl
T179,COc1cc(N2CCN(C)C(=O)C2)ccc1Nc1ncc(Cl)c(Nc2ccccc2S(=O)(=O)C(C)C)n1
T180,CNS(=O)(=O)c1ccccc1Nc1nc(Nc2cc(OC3CCNCC3)ccc2OC)ncc1Br
T181,CCOc1cc(N2CCOCC2)ccc1Nc1ncc(Br)c(Nc2ccccc2S(=O)(=O)NC)n1
T182,CCOc1ccc(N2CCOCC2)cc1Nc1ncc(Br)c(Nc2ccccc2S(=O)(=O)NC)n1
T183,CNC(=O)c1cc(F)ccc1Nc1nc(Nc2ccc(N3CCOCC3)cc2OC)ncc1Cl
T184,CNS(=O)(=O)c1ccccc1Nc1nc(Nc2ccc(N(CCOC)CCOC)cc2OC)ncc1Br
T185,CCS(=O)(=O)c1ccccc1Nc1nc(Nc2ccc(CN3CCN(C)CC3)cc2OC)ncc1Cl
T187,CCCS(=O)(=O)c1ccccc1Nc1nc(Nc2cc(N3CCC(NC)C3)ccc2OC)ncc1Cl
T188,CCS(=O)(=O)c1ccccc1Nc1nc(Nc2ccc(N3CCN(C(C)=O)CC3)cc2OC)ncc1Cl
T189,CNC(=O)c1ccccc1Nc1nc(Nc2ccc(OCCN3CCOCC3)cc2OC)ncc1Cl
T190,COc1cc(N2CCN3COCC[C@H]3C2)ccc1Nc1ncc(Cl)c(Nc2ccccc2S(=O)(=O)C(C)C)n1
T192,CCCOc1cc(N2CCN(C)CC2)ccc1Nc1ncc(Cl)c(Nc2ccccc2S(=O)(=O)NC)n1
T193,COc1cc(N2CCN(C(C)=O)CC2)ccc1Nc1ncc(Cl)c(Nc2ccccc2S(=O)(=O)CC(C)C)n1
T194,CNS(=O)(=O)c1ccccc1Nc1nc(Nc2cc(OCCN3CCOCC3)ccc2OC)ncc1Br
T195,CNC(=O)c1ccccc1Nc1nc(Nc2ccc(N3CCCC(C(N)=O)C3)cc2OC)ncc1Cl
T196,COc1c(Nc2ncc(Cl)c(Nc3ccccc3S(=O)(=O)NC(C)C)n2)ccc(N2CCOCC2)c1F
T197,CNC(=O)c1ccccc1Nc1nc(Nc2ccc(N3CCC(OCCOC)CC3)cc2OC)ncc1Cl
T200,COc1cc(CN2CCN(C)CC2)ccc1Nc1ncc(Cl)c(Nc2ccccc2S(=O)(=O)C2CC2)n1
T202,CCCS(=O)(=O)c1ccccc1Nc1nc(Nc2ccc(N3CCN(C(C)=O)CC3)cc2OC)ncc1Cl
T203,CCCS(=O)(=O)c1ccccc1Nc1nc(Nc2cc(N3CCN(C(C)=O)CC3)ccc2OC)ncc1Cl
T204,COc1cc(N2CCC(C(N)=O)CC2)ccc1Nc1ncc(Cl)c(Nc2ccccc2S(=O)(=O)C(C)C)n1
T206,CCC(CC)NS(=O)(=O)c1ccccc1Nc1nc(Nc2ccc(N3CCOCC3)cc2OC)ncc1Cl
T207,CCS(=O)(=O)c1ccccc1Nc1nc(Nc2ccc(N3CCCC(C(N)=O)C3)cc2OC)ncc1Cl
T209,CCC(C)NS(=O)(=O)c1ccccc1Nc1nc(Nc2ccc(N3CCN(C)CC3)cc2OC)ncc1Cl
T210,CCC(CC)NS(=O)(=O)c1ccccc1Nc1nc(Nc2ccc(N3CCC(NC)C3)cc2OC)ncc1Cl
T211,COc1cc(N2CCC(NC(C)=O)C2)ccc1Nc1ncc(Cl)c(Nc2ccccc2S(=O)(=O)NC(C)C)n1
T212,CNS(=O)(=O)c1ccccc1Nc1nc(Nc2ccc(OC3CCN(C(C)C)C3)cc2OC)ncc1Cl
T213,CNC(=O)c1ccccc1Nc1nc(Nc2ccc(N3CCN4CCOC[C@H]4C3)cc2OC)ncc1Cl
T214,CNC(=O)c1ccccc1Nc1nc(Nc2ccc(N3CCN4CCOC[C@@H]4C3)cc2OC)ncc1Cl
T215,COc1cc(N2CCC[C@H](C(N)=O)C2)ccc1Nc1ncc(Cl)c(Nc2ccccc2S(=O)(=O)C(C)C)n1
T216,COc1cc(N2CCC[C@@H](C(N)=O)C2)ccc1Nc1ncc(Cl)c(Nc2ccccc2S(=O)(=O)C(C)C)n1
T217,CC(C)NS(=O)(=O)c1ccccc1Nc1nc(Nc2ccc(OCCN3CCOCC3)cc2F)ncc1Cl
T218,CCCS(=O)(=O)c1ccccc1Nc1nc(Nc2ccc(OCCN3CCCC3=O)cc2OC)ncc1Cl
T219,CCC(CC)NS(=O)(=O)c1ccccc1Nc1nc(Nc2ccc(N3CCN(C)CC3)cc2OC)ncc1Cl
T220,CNC1CCN(c2ccc(Nc3ncc(Cl)c(Nc4ccccc4S(=O)(=O)NC(C)C)n3)c(OC)c2F)C1
T221,CNS(=O)(=O)c1ccccc1Nc1nc(Nc2ccc(OC3CCN(C(C)=O)CC3)cc2OC)ncc1Br
T223,COc1cc(N2CCOCC2)ccc1Nc1ncc(Cl)c(Nc2ccccc2S(=O)(=O)NCC(C)C)n1
T224,CNS(=O)(=O)c1ccccc1Nc1nc(Nc2cc(C(=O)N3CCN(C)CC3)ccc2OC)ncc1Br
T225,CC(C)NS(=O)(=O)c1ccccc1Nc1nc(Nc2ccc(OC3CCN(C)CC3)cc2F)ncc1Cl
T226,CCCS(=O)(=O)c1ccccc1Nc1nc(Nc2ccc(N3CCC(O)CC3)cc2OC)ncc1Cl
T227,CNS(=O)(=O)c1ccccc1Nc1nc(Nc2cc(OCC3CCN(C)CC3)ccc2OC)ncc1Cl
T228,CCNC(=O)c1cc(F)ccc1Nc1nc(Nc2ccc(N3CCOCC3)cc2OC)ncc1Cl
T229,CNC(=O)c1cc(N2CCN(C)CC2)ccc1Nc1nc(Nc2cccc3c2ccn3C)ncc1Cl
T230,COc1cc(N2CCN(C)CC2)ccc1Nc1ncc(Cl)c(Nc2cccc3c2C(=O)N(C)C3)n1
T231,COc1cc(N2CCOCC2)ccc1Nc1ncc(Cl)c(Nc2ccccc2S(=O)(=O)C2CC2)n1
T232,CNS(=O)(=O)c1ccccc1Nc1nc(Nc2cc(N3CCN(C)CC3)ccc2OC)ncc1Cl
T233,CNS(=O)(=O)c1ccccc1Nc1nc(Nc2cc(C(=O)N3CCNCC3)ccc2C)ncc1Br
T234,CNS(=O)(=O)c1ccccc1Nc1nc(Nc2cc(OC)c(N3CCN(C)CC3)cc2OC)ncc1Cl
T235,CNS(=O)(=O)c1ccccc1Nc1nc(Nc2cc(N3CCN(C(C)=O)CC3)ccc2OC)ncc1Cl
T237,COc1cc(N2CCN(C(C)=O)CC2)ccc1Nc1ncc(Cl)c(Nc2ccccc2S(=O)(=O)C(C)C)n1
T238,CNC(=O)c1ccccc1Nc1nc(Nc2ccc(N3CCOCC3)c3c2ccn3C)ncc1Cl
T240,CNC(=O)c1ccccc1Nc1nc(Nc2ccc(OCCN3CCN(C)CC3)cc2OC)ncc1Cl
T242,COc1cc(N2CCN(CCO)CC2)ccc1Nc1ncc(Cl)c(Nc2ccccc2S(=O)(=O)C(C)C)n1
T243,COc1cc(N2CCOCC2)ccc1Nc1ncc(Cl)c(Nc2ccccc2C(=O)N2CCCC2)n1
T245,CNS(=O)(=O)c1ccccc1Nc1nc(Nc2cc(OCCN3CCN(C)CC3)ccc2OC)ncc1Cl
T246,CCN1Cc2cccc(Nc3nc(Nc4ccc(N5CCN(C)CC5)cc4OC)ncc3Cl)c2C1=O
T247,COc1cc(NC2CCN(C)CC2)ccc1Nc1ncc(Cl)c(Nc2ccccc2S(=O)(=O)NC(C)C)n1
T248,CNC(=O)c1ccccc1Nc1nc(Nc2ccc(N3CCC(C(N)=O)CC3)cc2OC)ncc1Cl
T249,COc1cc(N2CCCC(C(N)=O)C2)ccc1Nc1ncc(Cl)c(Nc2ccccc2S(=O)(=O)C(C)C)n1
T250,CNS(=O)(=O)c1ccccc1Nc1nc(Nc2ccc(OCCCN3CCOCC3)cc2C)ncc1Br
T251,COc1cc(N2CCOCC2)ccc1Nc1ncc(Cl)c(Nc2ccccc2S(=O)(=O)NC2CCC2)n1
T252,CNS(=O)(=O)c1ccccc1Nc1nc(Nc2ccc(N3CCN(C(C)=O)CC3)cc2OC)ncc1Br
T253,CNS(=O)(=O)c1ccccc1Nc1nc(Nc2ccc(N3CCCC(C(N)=O)C3)cc2OC)ncc1Cl
T254,CNS(=O)(=O)c1ccccc1Nc1nc(Nc2cc(N3CCOCC3)ccc2OC)ncc1Cl
T255,COc1cc(F)ccc1Nc1ncc(Cl)c(Nc2ccccc2S(=O)(=O)NCC(F)(F)F)n1
T257,CNS(=O)(=O)c1ccccc1Nc1nc(Nc2ccc(N3CCCC(C(N)=O)C3)cc2OC)ncc1Br
T258,COc1cc(Nc2ncc3ccn(-c4cccc(CC(=O)NC5CCC5)c4)c3n2)cc(OC)c1OC
T259,COc1cc(Nc2ncc3ccn(-c4cccc(Cc5nnnn5C)c4)c3n2)cc(OC)c1OC
T260,CCCS(=O)(=O)c1ccccc1Nc1nc(Nc2ccc(N3CCN(C(=O)NC)CC3)cc2OC)ncc1Cl
T261,COc1cc(N2CCOCC2)ccc1Nc1ncc(Cl)c(Nc2ccccc2S(=O)(=O)NC2CCCC2)n1
T263,COc1cc(N2CCC(N(C)C(C)=O)C2)ccc1Nc1ncc(Cl)c(Nc2ccccc2S(=O)(=O)NC(C)C)n1
T264,CNC(=O)c1ccccc1Nc1nc(Nc2ccc(N3CCC[C@@H](C(N)=O)C3)cc2OC)ncc1Cl
T265,CCCS(=O)(=O)c1ccccc1Nc1nc(Nc2ccc(N3CCC(C(N)=O)CC3)cc2OC)ncc1Cl
T266,CCNC1CCN(c2ccc(Nc3ncc(Cl)c(Nc4ccccc4S(=O)(=O)NC(C)C)n3)c(OC)c2)C1
T267,COCCOc1ccc(Nc2ncc(Cl)c(Nc3ccc(N4CCN(C(C)C)CC4)c4c3C(=O)N(C)CC4)n2)c(OC)c1
T269,CNS(=O)(=O)c1cc(F)ccc1Nc1nc(Nc2ccc(N3CCOCC3)cc2OC)ncc1Br
T270,CCCS(=O)(=O)c1ccccc1Nc1nc(Nc2ccc(C(=O)N3CCOCC3)cc2OC)ncc1Cl
T272,COc1cc(N2CCC(N(C)C)C2)ccc1Nc1ncc(Cl)c(Nc2ccccc2S(=O)(=O)NC(C)C)n1
T273,CNC1CCN(c2ccc(Nc3ncc(Cl)c(Nc4ccccc4S(=O)(=O)C(C)C)n3)c(OC)c2)CC1
T274,COc1cc(N2CCOCC2)ccc1Nc1ncc(Cl)c(Nc2cccc3c2C(=O)N(C)C3)n1
T275,CNS(=O)(=O)c1ccccc1Nc1nc(Nc2ccc(N3CCOCC3)cc2OC)ncc1Cl
T276,COc1cc(Nc2ncc3c(n2)N(c2cccnc2)CCC3)cc(OC)c1OC
T277,COc1ccc(Nc2ncc(Cl)c(Nc3ccc(N4CCC(N5CCN(C)CC5)CC4)c4c3C(=O)N(C)C4)n2)c(OC)c1
T278,COc1cc(N2CCOCC2)ccc1Nc1ncc(Cl)c(Nc2ccccc2S(C)(=O)=O)n1
T279,CNC(=O)c1ccccc1Nc1nc(Nc2cc(F)ccc2OC)ncc1Br
T280,CNS(=O)(=O)c1ccccc1Nc1nc(Nc2cc(F)ccc2OC)ncc1Cl
T281,CNC(=O)c1ccccc1Nc1nc(Nc2cccc3c2ccn3C)ncc1Cl
T282,CNS(=O)(=O)c1ccccc1Nc1nc(Nc2ccccc2OC(F)F)ncc1Cl
T283,CNS(=O)(=O)c1ccccc1Nc1nc(Nc2cc(F)ccc2Cl)ncc1Br
T284,CNS(=O)(=O)c1ccccc1Nc1nc(Nc2cc(OC)ccc2OC)ncc1Br
T285,CNS(=O)(=O)c1ccccc1Nc1nc(Nc2ccc(F)cc2OC)ncc1Cl
T286,CNS(=O)(=O)c1ccccc1Nc1nc(Nc2cc(F)ccc2F)ncc1Br
T287,CNS(=O)(=O)c1ccccc1Nc1nc(Nc2ccc(F)cc2Cl)ncc1Br
T288,CNC(=O)c1ccccc1Nc1nc(Nc2ccc(F)cc2OC)ncc1Br
T289,CNC(=O)c1cc(F)c(F)cc1Nc1nc(Nc2ccc(N3CCOCC3)cc2OC)ncc1Cl
T290,CNc1ccccc1Nc1ncc(Br)c(Nc2ccccc2S(=O)(=O)NC)n1
T291,CNS(=O)(=O)c1ccccc1Nc1nc(Nc2ccc(OC3CCN(C)C3)cc2OC)ncc1Br
T292,CNS(=O)(=O)c1ccccc1Nc1nc(Nc2ccc(C)cc2F)ncc1Br
T293,CNS(=O)(=O)c1ccccc1Nc1nc(Nc2cc(OC)ccc2C)ncc1Br
T294,CNS(=O)(=O)c1ccccc1Nc1nc(Nc2ccc(C)cc2C)ncc1Br
T295,CNS(=O)(=O)c1ccccc1Nc1nc(Nc2ccccc2OC)ncc1Br
T296,COc1cc(F)ccc1Nc1ncc(Cl)c(Nc2ccccc2S(C)(=O)=O)n1
T297,CNS(=O)(=O)c1ccccc1Nc1nc(Nc2ccccc2C)ncc1Br
T299,CNS(=O)(=O)c1ccccc1Nc1nc(Nc2ccc(-n3ccnc3C)cc2OC)ncc1Br
T300,CNS(=O)(=O)c1ccccc1Nc1nc(Nc2ccc(F)cc2F)ncc1Br
T301,CNS(=O)(=O)c1ccccc1Nc1nc(Nc2ccc(N3CCN(C)CC3)cc2OC)ncc1Cl
T302,CNC(=O)c1ccccc1Nc1nc(Nc2ccc(N3CCN(C)CC3)cc2OC)ncc1Cl
T303,CNS(=O)(=O)c1ccccc1Nc1nc(Nc2cc(F)ccc2OC)ncc1Br
T304,COc1cc(Nc2ncc3ccn(-c4cccc(CCC#N)c4)c3n2)cc(OC)c1OC
T305,COc1ccccc1Nc1ncc(Cl)c(Nc2ccc(N3CCNCC3)c3c2C(=O)N(C)C3)n1
T306,COc1cc(N2CCN(C)CC2)ccc1Nc1ncc(Cl)c(Nc2ccccc2S(=O)(=O)NC(C)C)n1
T307,CNS(=O)(=O)c1ccccc1Nc1nc(Nc2cc(N3CCOCC3)ccc2OC)ncc1Br
T308,CNC(=O)c1ccccc1Nc1nc(Nc2ccc(N3CCNCC3)cc2OC)ncc1Cl
T309,COc1cc([N+](=O)[O-])ccc1Nc1ncc(Cl)c(Nc2ccccc2S(=O)(=O)C(C)C)n1
T311,COc1cc(N2CCC(N3CCNCC3)CC2)ccc1Nc1ncc(Cl)c(Nc2ccccc2S(=O)(=O)C(C)C)n1
T312,CNC(=O)c1ccccc1Nc1nc(Nc2ccc(N3CCOCC3)cc2OC)ncc1Br
T313,COc1cc(N2CCOCC2)ccc1Nc1ncc(Br)c(Nc2ccccc2S(=O)(=O)N(C)C)n1
T314,CNS(=O)(=O)c1ccccc1Nc1nc(Nc2ccc(N3CCOCC3)cc2OC)ncc1Br
T315,CNS(=O)(=O)c1ccccc1Nc1nc(Nc2ccc(N3CCN(C)CC3)cc2OC)ncc1Br
T316,CNC(=O)c1ccccc1Nc1nc(Nc2ccc(N3CCOCC3)cc2OC)ncc1Cl
T318,CCc1cc2c(cc1N1CCC(N3CCOCC3)CC1)C(C)(C)c1[nH]c3cc(C#N)ccc3c1C2=O
T319,CNS(=O)(=O)c1ccccc1Nc1nc(Nc2cc(N3CCN(C(C)=O)CC3)ccc2OC)ncc1Br
T321,CNS(=O)(=O)c1ccccc1Nc1nc(Nc2cccc3c2CCC3)ncc1Br
T322,CNS(=O)(=O)c1ccccc1Nc1nc(Nc2ccc(N3CCNCC3)cc2OC)ncc1Cl
T323,CNS(=O)(=O)c1ccccc1Nc1nc(Nc2cc(OC)ccc2OC)ncc1[N+](=O)[O-]
T324,CNS(=O)(=O)c1ccccc1Nc1nc(Nc2cccc(N(C)C)c2C)ncc1Br
T325,CNS(=O)(=O)c1ccccc1Nc1nc(Nc2cccc3cn[nH]c23)ncc1Br
T326,CCCS(=O)c1ccccc1Nc1nc(Nc2ccc(F)cc2OC)ncc1Cl
T327,CN1Cc2c(N3CCN(C(=O)OC(C)(C)C)CC3)ccc(N)c2C1=O
T329,CNS(=O)(=O)c1ccccc1Nc1nc(Nc2ccc(N3CCC(N4CCN(C)CC4)CC3)cc2OC)ncc1Cl
T330,CNS(=O)(=O)c1ccccc1Nc1nc(Nc2cc(OC3CCN(C(C)=O)CC3)ccc2OC)ncc1Br
T331,COc1ccc(F)cc1Nc1ncc(Cl)c(Nc2ccccc2S(=O)(=O)NCC(C)C)n1
T332,COc1cc(Nc2ncc3c(n2)N(c2ccccn2)CC3)cc(OC)c1OC
T333,NS(=O)(=O)c1ccccc1Nc1nc(Nc2cccc3c2OC(F)(F)O3)ncc1Br
T334,CNS(=O)(=O)c1ccccc1Nc1nc(Nc2ccc(OC)cc2OC)ncc1Br
T335,COc1cc(Nc2ncc3ccn(-c4cccc(C(=O)NCCN(C)C)c4)c3n2)cc(OC)c1OC
T336,COc1cc(Nc2ncc3c(n2)N(c2ccccn2)C(=O)CC3)cc(OC)c1OC
T337,COc1cc(Nc2ncc3ccn(-c4ccccc4CO)c3n2)cc(OC)c1OC
T338,COc1cc(Nc2ncc3ccn(-c4cccc(CC#N)c4)c3n2)cc(OC)c1OC
T339,COc1cc(Nc2ncc3ccn(-c4ccnc(Cl)c4)c3n2)cc(OC)c1OC
T340,COc1cc(Nc2ncc3c(n2)N(c2ccccn2)C(=O)C3)cc(OC)c1OC
T341,CNS(=O)(=O)c1ccccc1Nc1nc(Nc2cccc(OC)c2OC)ncc1Br
T342,CNS(=O)(=O)c1ccccc1Nc1nc(Nc2ccc(C)cc2OC)ncc1Br
T343,CNC(=O)c1c(C)cccc1Nc1nc(Nc2ccc(N3CCOCC3)cc2OC)ncc1Cl
T344,CNS(=O)(=O)c1ccccc1Nc1nc(Nc2cc(Cl)ccc2OC)ncc1Br
T345,CNS(=O)(=O)c1ccccc1Nc1nc(Nc2cc(OC)c(OC)cc2C)ncc1Cl
T346,CNS(=O)(=O)c1ccccc1Nc1nc(Nc2cc(OC)c(OC)cc2C)ncc1Br
T347,CCCS(=O)(=O)c1ccccc1Nc1nc(Nc2ccc(F)cc2OC)ncc1Cl
T348,CNS(=O)(=O)c1ccccc1Nc1nc(Nc2cc(-c3cccnc3)ccc2OC)ncc1Br
T349,CCCCc1ccccc1Nc1ncc(Br)c(Nc2ccccc2S(=O)(=O)NC)n1
T350,COc1cc(F)ccc1Nc1ncc(Cl)c(Nc2ccccc2S(=O)(=O)NC(C)C)n1
T351,CNS(=O)(=O)c1ccccc1Nc1nc(Nc2cc(N(C)C)ccc2OC)ncc1Br
T352,CNS(=O)(=O)c1ccccc1Nc1nc(Nc2cc(-c3ccccn3)ccc2OC)ncc1Br
T353,CNS(=O)(=O)c1ccccc1Nc1nc(Nc2cc(OC)ccc2OCCO)ncc1Br
T354,CNS(=O)(=O)c1ccccc1Nc1nc(Nc2cc(C)cc(C)c2C)ncc1Br
T355,CCOc1ccc(OCC)c(Nc2ncc(Br)c(Nc3ccccc3S(=O)(=O)NC)n2)c1
T357,CC(C)S(=O)(=O)c1ccccc1Nc1nc(Nc2cccc3c2OCC3)ncc1Cl
T358,CNS(=O)(=O)c1ccccc1Nc1nc(Nc2cc(N3CCC(N(C)C)C3)ccc2OC)ncc1Cl
T359,CNC(=O)c1ccccc1Nc1nc(Nc2cccc3[nH]ccc23)ncc1Cl
T360,CNC(=O)c1cc(OC)ccc1Nc1nc(Nc2ccc(F)cc2OC)ncc1Cl
T361,CNS(=O)(=O)c1ccccc1Nc1nc(Nc2ccc(-n3ccnc3)cc2OC)ncc1Br
T362,COc1cc(-n2cncn2)ccc1Nc1ncc(Cl)c(Nc2ccccc2S(=O)(=O)C(C)C)n1
T363,CNS(=O)(=O)c1ccccc1Nc1nc(Nc2cccc3c2OC(F)(F)O3)ncc1Br
T364,CNS(=O)(=O)c1ccccc1Nc1nc(Nc2cccc3c2CCCC3)ncc1Br
T365,COc1cc(-n2cncn2)ccc1Nc1ncc(Cl)c(Nc2ccccc2S(=O)(=O)C2CC2)n1
T366,CCCOc1ccc(OC)cc1Nc1ncc(Br)c(Nc2ccccc2S(=O)(=O)NC)n1
T367,CNS(=O)(=O)c1ccccc1Nc1nc(Nc2cc(-c3ccncc3)ccc2OC)ncc1Br
T368,COc1cc(F)ccc1Nc1ncc(Cl)c(Nc2ccccc2S(=O)(=O)NCC(C)C)n1
T370,CCC(C)NS(=O)(=O)c1ccccc1Nc1nc(Nc2ccc(F)cc2OC)ncc1Cl
T371,CCOc1ccc(OC)cc1Nc1ncc(Br)c(Nc2ccccc2S(=O)(=O)NC)n1
T373,COc1cc(OC)c(OC)cc1Nc1ncc(Cl)c(Nc2ccccc2S(=O)(=O)C(C)C)n1
T374,CCS(=O)(=O)c1ccccc1Nc1nc(Nc2ccc(-n3cncn3)cc2OC)ncc1Cl
T375,CNC(=O)c1cc(F)ccc1Nc1nc(Nc2cccc3c2ccn3C)ncc1Cl
T376,CNS(=O)(=O)c1ccccc1Nc1nc(Nc2ccccc2OC(F)(F)F)ncc1Cl
T377,CNS(=O)(=O)c1ccccc1Nc1nc(Nc2cc(OC)ccc2OC(C)C)ncc1Br
T379,CNS(=O)(=O)c1ccccc1Nc1nc(Nc2cc(OC)ccc2OCCOC)ncc1Br
T380,CNS(=O)(=O)c1ccccc1Nc1nc(Nc2ccc(OC)nc2OC)ncc1Br
T381,CNC(=O)c1ccccc1Nc1nc(Nc2cc(N3CCOCC3)ccc2OC)ncc1Cl
T383,CNS(=O)(=O)c1ccccc1Nc1nc(Nc2ccc(F)cc2OC)ncc1Br
T384,COc1cc(F)ccc1Nc1ncc(Cl)c(Nc2ccccc2S(=O)(=O)N2CCOCC2)n1
T385,CNS(=O)(=O)c1ccccc1Nc1nc(Nc2ccc(OC3CCN(C)C3)cc2OC)ncc1Cl
T386,COc1cc(N2CCOCC2)ccc1Nc1ncc(Cl)c(Nc2ccccc2C(=O)N(C)C)n1
T387,CNS(=O)(=O)c1ccccc1Nc1nc(Nc2cccc3[nH]ccc23)ncc1Br
T388,COc1cc(N2CCOCC2)ccc1Nc1ncc(Cl)c(Nc2ccccc2S(=O)(=O)C(C)C)n1
T389,CNS(=O)(=O)c1ccccc1Nc1nc(Nc2cc(C(C)C)ccc2C)ncc1Br
T390,Cc1cc(N2CCOCC2)ccc1Nc1ncc(Cl)c(Nc2ccccc2S(=O)(=O)C(C)C)n1
T391,CC(C)Cc1cc2c(=O)c3c4ccc(C#N)cc4[nH]c3n(C(C)C)c2cc1N1CCN(C)CC1
T392,CCc1cc2c(=O)c3c4ccc(C#N)cc4[nH]c3n(C(C)C)c2cc1N1CCN(C2COC2)CC1
T393,CC(C)n1c2cc(N3CCN(C)CC3)c(Br)cc2c(=O)c2c3ccc(C#N)cc3[nH]c21
T395,C[C@H]1Oc2cc(cnc2N)-c2c(nn(C)c2C#N)OCCOc2ccc(F)cc21
T396,CCCCOc1cc2c(=O)c3c4ccc(C#N)cc4[nH]c3n(C(C)C)c2cc1N1CCN(C)CC1
T397,C=Cc1cc2c(=O)c3c4ccc(C#N)cc4[nH]c3n(C(C)C)c2cc1N1CCN(C)CC1
T398,COc1cc(N2CCN(C)CC2)c2cc1Nc1ncc(Cl)c(n1)Nc1cc(ccc1S(=O)(=O)C(C)C)CC2
T400,CC(C)n1c2cc(N3CCN(C)CC3)c(OC(F)F)cc2c(=O)c2c3ccc(C#N)cc3[nH]c21
T401,CCc1cc2c(=O)c3c4ccc(C#N)cc4[nH]c3n(C3CCC3)c2cc1N1CCN(C)CC1
T402,CCc1cc2c(=O)c3c4ccc(C#N)cc4[nH]c3n(CC)c2cc1N1CCN(C)CC1
T405,Cc1cc(Nc2ncc(Cl)c(Nc3cn(C)nc3S(=O)(=O)C(C)C)n2)c(OC2CC2)cc1C1CCNCC1
T406,CCOc1cc2c(=O)c3c4ccc(C#N)cc4[nH]c3n(C(C)C)c2c(F)c1N1CCN(C)CC1
T408,CCc1cc2c(=O)c3c4ccc(C#N)cc4[nH]c3n(C(C)C)c2cc1N1CCOCC1
T409,COc1cc2c(=O)c3c4ccc(C#N)cc4[nH]c3n(C(C)C)c2c(F)c1C1CCN(C(C)C)CC1
T410,CCOc1cc2c(=O)c3c4ccc(C#N)cc4[nH]c3n(C(C)C)c2c(F)c1N1CCC(N2CCOCC2)CC1
T411,CCc1cc2c(=O)c3c4ccc(C#N)cc4[nH]c3n(C(C)C)c2cc1C1CCN(C2COC2)CC1
T412,COc1cc2c(=O)c3c4ccc(C#N)cc4[nH]c3n(C(C)C)c2c(F)c1N1CCN(C)CC1
T413,CCc1cc2c(=O)c3c4ccc(C#N)cc4[nH]c3n(C(C)C)c2cc1N1CCN(C)CC1
T414,COc1cc(C2CCN(C[C@H](O)CF)CC2)ccc1Nc1ncc2ccc(-c3ccccc3OC)n2n1
T416,CC(C)S(=O)(=O)c1nn(C)cc1Nc1nc(Nc2ccc(C3CCN(C)CC3)cc2OC2CC2)ncc1Cl
T418,COc1ccc2cc1Nc1nc(ncc1Cl)Nc1ccc(N3CCN(C)CC3)c(c1)CC2
T419,COc1c(Nc2ncc(Cl)c(N[C@H]3[C@@H](C(N)=O)[C@@H]4C=C[C@H]3C4)n2)ccc2c1CCC(N1CCN(C)CC1)CC2
T421,CC(C)Oc1cc2c(=O)c3c4ccc(C#N)cc4[nH]c3n(C(C)C)c2cc1N1CCN(C)CC1
T422,COc1cc(N2CCN(C[C@H](C)O)CC2)ccc1Nc1ncc2ccc(-c3ccccc3OC)n2n1
T423,CN1CCN(c2ccc3cc2CCc2ccc(N(C)S(C)(=O)=O)c(c2)Nc2nc(ncc2Cl)N3)CC1
T424,COc1cc2c(=O)c3c4ccc(C#N)cc4[nH]c3n(C3CCC3)c2c(F)c1N1CCN(C)CC1
T425,COCCNC1CCc2cc(Nc3ncc(Cl)c(N[C@H]4[C@@H](C(N)=O)[C@@H]5C=C[C@H]4C5)n3)c(OC)cc2CC1
T429,Cc1cc(Nc2ncc(Cl)c(Nc3cn(C)nc3S(=O)(=O)C(C)C)n2)c(OC(C)C)cc1C1CCNC1
T430,Cc1cc(Nc2ncc(Cl)c(Nc3cn(C)nc3S(=O)(=O)C(C)C)n2)c(OC(C)C)cc1C1CNC1
T431,COc1cc2c(=O)c3c4ccc(C#N)cc4[nH]c3n(C(C)C)c2c(F)c1N1CCC(N2CCOCC2)CC1
T435,COc1cc2c(=O)c3c4ccc(C#N)cc4[nH]c3n(C3CCCC3)c2cc1N1CCN(C)CC1
T436,C[C@@H](Oc1cc(-c2cnn(C3CCNCC3)c2)cnc1N)c1cc(F)ccc1Cl
T438,COc1cc(N2CCN(C)CC2)c2cc1Nc1ncc(Cl)c(n1)Nc1cccc(c1)CC2
T439,COc1cc2c(=O)c3c4ccc(C#N)cc4[nH]c3n(C(C)C)c2cc1N1CCN(C)CC1
T440,COc1cc2c(=O)c3c4ccc(C#N)cc4[nH]c3n(C3CCCCC3)c2cc1N1CCN(C)CC1
T441,COc1cc2c(=O)c3c4ccc(C#N)cc4[nH]c3n(C(C)C)c2c(F)c1C1CCN(C2COC2)CC1
T442,CC(C)n1c2[nH]c3cc(C#N)ccc3c2c(=O)c2ccc(N3CCN(C)CC3)c(F)c21
T443,CC(C)Oc1cc2c(=O)c3c4ccc(C#N)cc4[nH]c3n(C(C)C)c2c(F)c1N1CCN(C)CC1
T445,CC(=O)N[C@H]1CCN(c2nc(Nc3cc(C)[nH]n3)nc(N[C@@H](C)c3ncc(F)cn3)n2)C1
T446,C[C@@H](Oc1cc(-c2ccc3c(c2)CCNC3)cnc1N)c1c(Cl)ccc(F)c1Cl
T447,COc1cc2c(cc1Nc1ncc(Cl)c(N[C@H]3[C@@H](C(N)=O)[C@@H]4C=C[C@H]3C4)n1)CCC(N1CCOCC1)CC2
T448,COc1cc(N2CCN(CC(N)=O)CC2)ccc1Nc1ncc2ccc(-c3ccccc3OC)n2n1
T450,CCCC(C)n1c2cc(N3CCN(C)CC3)c(OC)cc2c(=O)c2c3ccc(C#N)cc3[nH]c21
T451,CC(C)n1c2[nH]c3cc(C#N)ccc3c2c(=O)c2cc(F)c(N3CCN(C)CC3)c(F)c21
T453,CN1CCN(c2ccc(Nc3ncc4ccc(-c5ccccc5N(C)S(C)(=O)=O)n4n3)cc2)CC1
T454,COc1cc(N2CCC(N3CCOCC3)CC2)ccc1Nc1ncc2ccc(-c3ccccc3N(C)S(C)(=O)=O)n2n1
T455,CCC(C)n1c2cc(N3CCN(C)CC3)c(OC)cc2c(=O)c2c3ccc(C#N)cc3[nH]c21
T456,CC1NCCc2cc(-c3cnc(N)c(O[C@H](C)c4c(Cl)ccc(F)c4Cl)c3)ccc21
T457,C[C@@H](Oc1cc(-c2ccc3c(c2)CNC3)cnc1N)c1c(Cl)ccc(F)c1Cl
T460,COc1cc2c(=O)c3c4ccc(C#N)cc4[nH]c3n(C3CCC3)c2c(F)c1N1CCC(N2CCOCC2)CC1
T461,C[C@@H](Oc1cc(-c2cc(F)c3c(c2)CCNC3)cnc1N)c1c(Cl)ccc(F)c1Cl
T463,COCCNC1CCc2ccc(Nc3ncc(Cl)c(N[C@H]4[C@@H](C(N)=O)[C@@H]5C=C[C@H]4C5)n3)c(OC)c2CC1
T464,COc1cc(N2CCN(C)CC2)ccc1Nc1ncc2ccc(-c3ccccc3N(C)S(C)(=O)=O)n2n1
T465,COc1cc(N2CCC(N3CCOCC3)CC2)ccc1Nc1ncc2ccc(-c3ccccc3OC)n2n1
T467,CC(C)c1cc(-c2nnc(O)n2-c2ccc3c(ccn3C)c2)c(O)cc1O
T468,COc1cc(N2CCN(C[C@H](C)O)CC2)ccc1Nc1ncc2ccc(-c3ccccc3N(C)S(C)(=O)=O)n2n1
T471,CN1CCN(c2ccc(C(=O)Nc3n[nH]c4cc(OCc5cc(F)cc(F)c5)ccc34)c(NCCF)c2)CC1
T472,C[C@@H](Oc1cc(-c2cnc3c(c2)CCCN3)cnc1N)c1c(Cl)ccc(F)c1Cl
T474,COc1cc2c(=O)c3c4ccc(C#N)cc4[nH]c3n(C3CCC3)c2cc1N1CCN(C)CC1
T478,C[C@@H](Oc1cc(-c2ccc([C@H]3CO[C@H]4[C@@H]3OC[C@H]4O)nc2)cnc1N)c1cc(Cl)ccc1Cl
T480,COc1cc(N2CCN(C[C@@H](C)O)CC2)ccc1Nc1ncc2ccc(-c3ccccc3N(C)S(C)(=O)=O)n2n1
T481,COc1cc2c(cc1Nc1ncc(Cl)c(N[C@H]3[C@@H](C(N)=O)[C@@H]4C=C[C@H]3C4)n1)CCC(N1CCN(C)CC1)CC2
T482,CCc1cc2c(=O)c3c4ccc(C#N)cc4[nH]c3n(C3CCCC3)c2cc1N1CCN(C)CC1
T484,CCCn1c2cc(N3CCN(C)CC3)c(OC)cc2c(=O)c2c3ccc(C#N)cc3[nH]c21
T485,COc1cc2c(=O)c3c4ccc(C#N)cc4[nH]c3n(C3CC3)c2cc1N1CCN(C)CC1
T486,COc1cc2c(=O)c3c4ccc(C#N)cc4[nH]c3n(C(C)C)c2cc1N1CCC(N2CCOCC2)CC1
T487,CC(Oc1cc(-c2ccc(N3CCNCC3)nc2)cnc1N)c1c(F)ccc(F)c1Cl
T488,COc1cc(N2CCC(N3CCN(C)CC3)CC2)ccc1Nc1ncc(C)c(-c2c[nH]c3ccccc23)n1
T489,CC(Oc1cc(-c2ccc(C3CNCCC3O)nc2)cnc1N)c1cc(Cl)ccc1C(F)(F)F
T491,C=C(C)c1cc2c(=O)c3c4ccc(C#N)cc4[nH]c3n(C(C)C)c2cc1N1CCN(C)CC1
T492,COc1ccccc1Nc1nc(Nc2ccc(N3CCN(C)CC3)cc2)ncc1Cl
T495,CC(C)n1c2cc(N3CCN(C)CC3)ccc2c(=O)c2c3ccc(C#N)cc3[nH]c21
T496,CCn1c2cc(N3CCN(C)CC3)c(OC)cc2c(=O)c2c3ccc(C#N)cc3[nH]c21
T497,CCOc1cc2c(=O)c3c4ccc(C#N)cc4[nH]c3n(C3CCCC3)c2cc1N1CCN(C)CC1
T499,CC(Oc1cc(-c2ccc(C3CNCCC3O)nc2)cnc1N)c1c(F)ccc(F)c1Cl
T500,COc1ccc(N2CCN(C)CC2)cc1Nc1ncc2ccc(-c3ccccc3N(C)S(C)(=O)=O)n2n1
T501,CC(Oc1cc(-c2ccc(N3CCNCC3)nc2)cnc1N)c1cc(Cl)ccc1Cl
T502,COc1cc2c(=O)c3c4ccc(C#N)cc4[nH]c3n(CC(C)(C)C)c2cc1N1CCN(C)CC1
T503,CC(Oc1cc(-c2ccc(C3CO[C@@H]4[C@H](O)CO[C@H]34)nc2)cnc1N)c1cc(Cl)ccc1Cl
T504,CCC(CC)n1c2cc(N3CCN(C)CC3)c(OC)cc2c(=O)c2c3ccc(C#N)cc3[nH]c21
T505,C[C@@H](Oc1cc(-c2ccc([C@H]3CO[C@H]4[C@@H]3OC[C@H]4O)nc2)cnc1N)c1cc(F)ccc1F
T507,CC(Oc1cc(-c2ccc(C3CO[C@@H]4[C@H](O)CO[C@H]34)nc2)cnc1N)c1c(F)ccc(F)c1Cl
T509,CC(Oc1cc(-c2ccc(C3CNCCC3O)nc2)cnc1N)c1c(Cl)cccc1Cl
T510,CC(C)n1c2cc(N3CCC(N4CCOCC4)CC3)ccc2c(=O)c2c3ccc(C#N)cc3[nH]c21
T511,C[C@@H](Oc1cc(-c2cnn(C3CCNCC3)c2)cnc1N)c1c(Cl)ccc(F)c1Cl
T512,C[C@@H]1Oc2cc(cnc2N)-c2c(nn(C)c2C#N)N(C)C(=O)COc2ccc(F)cc21
T513,CNC(=O)c1ccc2cc1Nc1nc(ncc1Cl)Nc1ccc(N3CCN(C)CC3)c(c1)CC2
T514,CC(Oc1cc(-c2ccc(C3CNC[C@H](O)C3)nc2)cnc1N)c1c(Cl)cccc1Cl
T515,CC(Oc1cc(-c2ccc(C3(O)CCOCC3)nc2)cnc1N)c1c(Cl)cccc1Cl
T516,C[C@H]1CN(C(=O)[C@H]2CC[C@@H](n3/c(=N/C(=O)c4ccccc4)[nH]c4cnc(OCCN5CCCCC5)cc43)CC2)CCN1
T517,COc1cc(F)cc(C(=O)/N=c2\[nH]c3cnc(OCCN4CCCCC4)cc3n2[C@H]2CC[C@@H](C(=O)NC(C)C)CC2)c1
T518,COc1cccc(C(=O)/N=c2\[nH]c3cnc(OCCN4CCCCC4)cc3n2[C@H]2CC[C@@H](C(=O)NC(C)C)CC2)c1
T519,O=C(/N=c1\[nH]c2ccc(CN3CCCCC3)cc2n1C12CC3CC(CC(C3)C1)C2)c1ccccc1
T520,CC(C)(O)CNC(=O)[C@H]1CC[C@@H](n2/c(=N/C(=O)c3ccc(F)cc3)[nH]c3ccc(CN4CCOCC4)cc32)CC1
T521,C=CCNS(=O)(=O)c1cccc(C(=O)/N=c2\[nH]c3cnc(OCCN4CCCCC4)cc3n2[C@H]2CC[C@H](C(=O)NC)CC2)c1
T522,CC(C)NC(=O)[C@]1(O)CC[C@H](n2/c(=N/C(=O)c3ccc(F)cc3)[nH]c3cnc(OCCN4CCCCC4)cc32)CC1
T523,CC(=O)N[C@H]1CC[C@H](n2/c(=N/C(=O)c3cccc(F)c3)[nH]c3ccc(CN4CCC(C(C)(C)O)CC4)cc32)CC1
T525,C=CCNS(=O)(=O)c1cccc(C(=O)/N=c2\[nH]c3cnc(OCCN4CCCCC4)cc3n2[C@H]2CC[C@H](C(N)=O)CC2)c1
T526,CC(C)NC(=O)[C@H]1CC[C@@H](n2/c(=N/C(=O)c3cncs3)[nH]c3cnc(OCCN4CCCCC4)cc32)CC1
T528,CC(C)(O)C1CCN(Cc2ccc3[nH]/c(=N\C(=O)c4ccc(F)cc4)n([C@H]4CC[C@H](C(N)=O)CC4)c3c2)CC1
T529,NC(=O)[C@]1(c2cccc(Br)c2)C[C@@H](n2/c(=N/C(=O)c3ccc(F)cc3)[nH]c3cnc(OCCN4CCCCC4)cc32)C1
T531,COc1ccc(C(=O)/N=c2\[nH]c3cnc(OCCN4CCCCC4)cc3n2[C@H]2CC[C@@H](C(=O)NC(C)C)CC2)cc1
T533,CC(C)NC(=O)[C@H]1CC[C@@H](n2/c(=N/C(=O)N3CCCC3)[nH]c3cnc(OCCN4CCCCC4)cc32)CC1
T534,O=C(/N=c1\[nH]c2ccc(CN3CCOCC3)cc2n1[C@H]1CC[C@@H](C(=O)NO)CC1)c1ccc(F)cc1
T537,CC(C)NC(=O)[C@H]1CC[C@@H](n2/c(=N/C(=O)c3ccc(F)cc3F)[nH]c3cnc(OCCN4CCCCC4)cc32)CC1
T538,CC(Oc1cc(-c2ccc(C3CCNCC3O)nc2)cnc1N)c1cc(Cl)ccc1C(F)(F)F
T539,CC(C)NC(=O)[C@H]1CC[C@@H](n2/c(=N/C(=O)c3ccnnc3)[nH]c3cnc(OCCN4CCCCC4)cc32)CC1
T540,CC(C)c1cc2c(=O)c3c4ccc(C#N)cc4[nH]c3n(C(C)C)c2cc1N1CCN(C)CC1
T541,C[C@@H]1Oc2cc(cnc2N)-c2c(nn(C)c2C#N)NC(=O)COc2ccc(F)cc21
T542,COc1cc(N2CCN(C[C@H](C)O)CC2)c(F)cc1Nc1ncc2ccc(-c3ccccc3N(C)S(C)(=O)=O)n2n1
T543,COc1c(Nc2ncc3ccc(-c4ccccc4N(C)S(C)(=O)=O)n3n2)ccc(N2CCN(C[C@H](C)O)CC2)c1F
T544,CC(Oc1cc(-c2ccc(C3CO[C@@H]4[C@H](O)CO[C@H]34)nc2)cnc1N)c1c(Cl)cccc1Cl
T546,CC(Oc1cc(-c2ccc(C3CO[C@@H]4[C@H](O)CO[C@H]34)nc2)cnc1N)c1cc(F)ccc1F
T547,CO[C@H]1/C=C\C=C(C)C(=O)NC2=CC(=O)C(NCCN(C)C)=C(C[C@@H](C)C[C@H](OC)[C@H](O)[C@@H](C)/C=C(\C)[C@@H]1OC(N)=O)C2=O
T548,COC1C=C/C=C(\C)C(=O)NC2=CC(=O)C(NCCN(C)C)=C(C[C@@H](C)CC(OC)[C@H](O)[C@@H](C)/C=C(\C)C1OC(N)=O)C2=O
T549,CC(Oc1cc(-c2ccc(C3CNC[C@H](O)C3)nc2)cnc1N)c1c(F)ccc(F)c1Cl
T550,CC(Oc1cc(-c2ccc(C3CCNCC3)nc2)cnc1N)c1cc(Cl)ccc1C(F)(F)F
T551,CN1CCN(c2ccc(Nc3ncc(Cl)c(Nc4ccccc4)n3)cc2)CC1
T552,CC(Oc1cc(-c2ccc(C3(O)CCNCC3)nc2)cnc1N)c1c(Cl)cccc1Cl
T557,CC(Oc1cc(-c2ccc(C3(O)COCC3O)nc2)cnc1N)c1cc(Cl)ccc1C(F)(F)F
T560,C[C@H](O)CN1CCN(c2cc(F)c(Nc3ncc4ccc(-c5ccccc5N(C)S(C)(=O)=O)n4n3)cc2F)CC1
T561,CN1CCN(c2ccc3cc2CCc2cccc(c2)Nc2nc(ncc2Cl)N3)CC1
T564,C[C@@H](Oc1cc(-c2ccc([C@H]3CO[C@H]4[C@@H]3OC[C@H]4O)nc2)cnc1N)c1c(F)ccc(F)c1Cl
T565,CC(C)(C)OC(=O)N1CCC(n2/c(=N/C(=O)c3ccccc3)[nH]c3cnc(OCCN4CCCCC4)cc32)CC1
T566,CNCC(=O)N1CCC(n2/c(=N/C(=O)c3ccccc3)[nH]c3cnc(OCCN4CCCCC4)cc32)CC1
T567,COc1cc(C(=O)/N=c2\[nH]c3cnc(OCCN4CCCCC4)cc3n2[C@H]2CC[C@@H](C(=O)NC(C)C)CC2)ccc1F
T568,Cc1n[nH]c([C@H]2CC[C@@H](n3/c(=N/C(=O)c4cccc(F)c4)[nH]c4ccc(CO)cc43)CC2)n1
T569,O=C(/N=c1\[nH]c2cnc(OCCN3CCCCC3)cc2n1[C@H]1CC[C@@H](C(=O)N2CCNCC2)CC1)c1ccc(F)cc1
T570,CC(C)NC(=O)[C@H]1CC[C@@H](n2/c(=N/C(=O)N3CCOCC3)[nH]c3cnc(OCCN4CCCCC4)cc32)CC1
T571,CN1CCN(C(=O)[C@H]2CC[C@@H](n3/c(=N/C(=O)c4ccc(F)cc4)[nH]c4ccc(CN5CCOCC5)cc43)CC2)CC1
T573,CC(C)(O)C1CCN(CCOc2cc3c(cn2)[nH]/c(=N\C(=O)c2cccc(F)c2)n3[C@H]2CC[C@@H](C(=O)N3C[C@@H]4C[C@H]3CN4)CC2)CC1
T575,C=CCNS(=O)(=O)c1cccc(C(=O)/N=c2\[nH]c3cnc(OCCN4CCCCC4)cc3n2[C@H]2CC[C@@H](C(=O)NC(C)C)CC2)c1
T576,COC(=O)[C@H]1CC[C@@H](n2/c(=N/C(=O)c3cccc(C(F)(F)F)c3)[nH]c3ccc(CO)cc32)CC1
T577,C=CCNS(=O)(=O)c1cc(C(=O)Nc2nc3ccc(CO)cc3n2[C@H]2CC[C@@H](C(=O)OC)CC2)ccc1F
T578,CNC(=O)[C@]1(O)CC[C@H](n2/c(=N/C(=O)c3ccc(F)cc3)[nH]c3cnc(OCCN4CCCCC4)cc32)CC1
T579,O=C(Nc1nc2ccc(CO)cc2n1C12CC3CC(CC(C3)C1)C2)c1ccccc1
T580,CNS(=O)(=O)N1CCC(n2/c(=N/C(=O)c3ccccc3)[nH]c3cnc(OCCN4CCCCC4)cc32)CC1
T581,CC(C)S(=O)(=O)N1CCC(n2/c(=N/C(=O)c3ccccc3)[nH]c3cnc(OCCN4CCCCC4)cc32)CC1
T582,CCS(=O)(=O)N1CCC(n2/c(=N/C(=O)c3ccccc3)[nH]c3cnc(OCCN4CCCCC4)cc32)CC1
T583,COC(=O)Nc1nc2ccc(CN3CCCCC3)cc2n1[C@H]1CC[C@@H](C(=O)NC(C)C)CC1
T585,COCCCNS(=O)(=O)c1cc(C(=O)Nc2nc3ccc(CO)cc3n2[C@H]2CC[C@@H](C(=O)OC)CC2)ccc1F
T586,C=CCNS(=O)(=O)c1cc(C(=O)Nc2nc3ccc(CN4CCCCC4)cc3n2[C@H]2CC[C@@H](C(=O)O)CC2)ccc1F
T587,COC(=O)[C@H]1CC[C@@H](n2/c(=N/C(=O)c3ccccc3)[nH]c3cnccc32)CC1
T590,CC(C)(O)C1CCN(Cc2ccc3[nH]/c(=N\C(=O)c4cccc(F)c4)n([C@H]4CC[C@H](C(N)=O)CC4)c3c2)CC1
T591,CC(C)(O)C1CCN(Cc2ccc3[nH]/c(=N\C(=O)c4ccc(F)cc4)n([C@H]4CC[C@]5(CC4)NC(=O)NC5=O)c3c2)CC1
T593,O=C(/N=c1\[nH]c2ccc(CN3CCOCC3)cc2n1[C@H]1CC[C@@H](C(=O)N2CCOCC2)CC1)c1ccc(F)cc1
T594,CC(C)NC(=O)[C@H]1CC[C@@H](n2/c(=N/C(=O)c3ccc(S(C)(=O)=O)cc3)[nH]c3cnc(OCCN4CCCCC4)cc32)CC1
T595,CC(C)NC(=O)[C@H]1CC[C@@H](n2/c(=N/C(=O)c3ccc(C(N)=O)cc3)[nH]c3cnc(OCCN4CCCCC4)cc32)CC1
T596,CC(C)(O)C1CCN(CCOc2cc3c(cn2)[nH]/c(=N\C(=O)c2cccc(F)c2)n3[C@H]2CC[C@@H](C(=O)N3CC(O)C3)CC2)CC1
T597,O=C(Nc1nc2ccc(CN3CCCCC3)cc2n1[C@H]1CC[C@@H](C(=O)O)CC1)c1ccc(F)cc1
T598,CC(C)NC(=O)[C@H]1CC[C@@H](n2/c(=N/C(=O)NC3CCCCC3)[nH]c3cnc(OCCN4CCCCC4)cc32)CC1
T599,CC(C)(O)C1CCN(Cc2ccc3[nH]/c(=N\C(=O)c4ccc(F)cc4)n([C@H]4CC[C@@H](C(=O)O)CC4)c3c2)CC1
T600,CC(C)NC(=O)[C@H]1CC[C@@H](n2/c(=N/C(=O)c3ccc4cc[nH]c4c3)[nH]c3cnc(OCCN4CCCCC4)cc32)CC1
T601,N#C[C@]1(c2ccccn2)C[C@H](n2/c(=N/C(=O)c3ccc(F)cc3)[nH]c3cnc(OCCN4CCCCC4)cc32)C1
T602,CNC(=O)[C@H]1CC[C@H](n2/c(=N/C(=O)c3ccc(F)cc3)[nH]c3cnc(OCCN4CCCCC4)cc32)CC1
T604,C=CCNS(=O)(=O)c1cccc(C(=O)/N=c2\[nH]c3cnc(OCCN4CCCCC4)cc3n2[C@H]2CC[C@H](C(=O)NC(C)C)CC2)c1
T605,N#C[C@]1(c2ccccn2)C[C@H](n2c(NC(=O)c3ccc(F)cc3)nc3cnc(OCCN4CCCCC4)cc32)C1
T607,O=C(/N=c1\[nH]c2ccc(CN3CCCCC3)cc2n1[C@H]1CC[C@@H](CO)CC1)c1ccc(F)cc1
T611,CC(Oc1cc(-c2ccc(C3CNC[C@H](O)C3)nc2)cnc1N)c1cc(Cl)ccc1C(F)(F)F
T612,COc1ccc2cc1Nc1nc(ncc1Cl)Nc1cccc(c1)CC2.O=C(O)C(F)(F)F
T615,CC(Oc1cc(-c2ccc(C3(O)CCCOC3)nc2)cnc1N)c1cc(Cl)ccc1C(F)(F)F
T616,CC(Oc1cc(-c2ccc(C3CO[C@@H]4[C@H](O)CO[C@H]34)nc2)cnc1N)c1cc(Cl)ccc1C(F)(F)F
T619,COc1cc(Nc2nccc(Nc3ccccc3S(=O)(=O)N(C)C)n2)cc(OC)c1OC
T622,CS(=O)(=O)Nc1ccc2cc1CCc1cccc(c1)Nc1ncc(Cl)c(n1)N2.O=C(O)C(F)(F)F
T631,COc1ccc(N2CCN(C)CC2)cc1Nc1ncc2ccc(-c3ccccc3OC)n2n1
T641,COc1ccc2cc1Nc1nc(ncc1Cl)Nc1ccc(N3CCN(C)CC3)c(c1)/C=C\2
T642,CN1CCN(c2ccc(Nc3ncc4ccc(-c5ccccc5NS(C)(=O)=O)n4n3)cc2)CC1
T644,CN(C)S(=O)(=O)c1ccccc1Nc1ccnc(Nc2cccc(OCCn3ccnc3)c2)n1
T645,Clc1cnc2nc1NCc1cc(Br)cc(c1)OCCCc1cccc(c1)N2
T648,Clc1cnc2nc1Nc1cccc(c1)CCc1cc(ccc1OCCN1CCCC1)N2
T653,COc1cc2c(=O)c3c4ccc(C#N)cc4[nH]c3n(C)c2cc1N1CCN(C)CC1
T656,Clc1cnc2nc1Nc1cccc(c1)SCCc1cccc(c1)N2.O=C(O)C(F)(F)F
T658,CCCNS(=O)(=O)c1ccccc1Nc1ccnc(Nc2cc(OC)c(OC)c(OC)c2)n1
T662,O=C(O)C(F)(F)F.Oc1ccc2cc1Nc1nc(ncc1Cl)Nc1cccc(c1)CC2
T663,Clc1cnc2nc1Nc1cccc(c1)OCCc1cccc(c1)N2.O=C(O)C(F)(F)F
T664,Clc1cnc2nc1Nc1cccc(c1)OCCNc1cccc(c1)N2.O=C(O)C(F)(F)F
T668,CN1CCN(c2ccc3cc2/C=C\c2cccc(c2)Nc2nc(ncc2Cl)N3)CC1
T669,Clc1cnc2nc1Nc1cccc(c1)CCCNc1cccc(c1)N2.O=C(O)C(F)(F)F
